2025-08-27T19:49:16.360Z,baseline,{"active":true,"control_input":0.0,"control_type":"lqr","kpis":{"control_cost":0.0,"overshoot":0.1,"settling_time":3.2,"steady_state_error":0.05},"plant_state":[0.0,0.0,0.0,0.0],"sampling_period":0.01},{"action_history_size":0,"active_agents":["reflex"],"control_kpis":{"control_cost":3.4145461967654325,"stability_margin":0.858649649963756},"mttr":12.705372217015508,"network_kpis":{"jitter_std":7.501164253458119,"latency_p95":19.72950684415994},"num_recoveries":1,"plant_count":2,"recovery_active":true,"system_state":[-0.12366740091798187,-0.18973411620953803,0.21705919431342222,0.05107081902309517,0.12144976387801235,0.08906729561899844,0.19470971046106425,-0.15185051934513133,0.09700235635216539,-0.2349164676258584]}
2025-08-27T19:49:17.386Z,baseline,{"active":true,"control_input":0.0,"control_type":"lqr","kpis":{"control_cost":0.0,"overshoot":0.1,"settling_time":3.2,"steady_state_error":0.05},"plant_state":[0.0,0.0,0.0,0.0],"sampling_period":0.01},{"action_history_size":0,"active_agents":["reflex"],"control_kpis":{"control_cost":2.7270873438239764,"stability_margin":0.9603190626435113},"mttr":12.705372217015508,"network_kpis":{"jitter_std":6.441660400009353,"latency_p95":22.314171468435017},"num_recoveries":1,"plant_count":2,"recovery_active":true,"system_state":[-0.13857593790966866,-0.1748185817240618,0.21625952540266916,0.03549254205825807,0.12750319055921686,0.09650170060297866,0.2100044703028196,-0.15201325416296269,0.09747812364299362,-0.23917410111077228]}
2025-08-27T19:49:18.430Z,baseline,{"active":true,"control_input":0.0,"control_type":"lqr","kpis":{"control_cost":0.0,"overshoot":0.1,"settling_time":3.2,"steady_state_error":0.05},"plant_state":[0.0,0.0,0.0,0.0],"sampling_period":0.01},{"action_history_size":0,"active_agents":["reflex"],"control_kpis":{"control_cost":2.597797572035359,"stability_margin":0.7288856919745468},"mttr":12.705372217015508,"network_kpis":{"jitter_std":5.752053375013285,"latency_p95":24.362089487396084},"num_recoveries":1,"plant_count":2,"recovery_active":true,"system_state":[-0.13905963311643962,-0.17178650626589193,0.22677818037693642,0.033955819227634576,0.11747194375051999,0.08822732587656391,0.20232666940132682,-0.1516429756659403,0.11585748840350649,-0.2391053006598671]}
2025-08-27T19:49:19.462Z,baseline,{"active":true,"control_input":0.0,"control_type":"lqr","kpis":{"control_cost":0.0,"overshoot":0.1,"settling_time":3.2,"steady_state_error":0.05},"plant_state":[0.0,0.0,0.0,0.0],"sampling_period":0.01},{"action_history_size":0,"active_agents":["reflex"],"control_kpis":{"control_cost":1.207220985880892,"stability_margin":0.8295924868456053},"mttr":12.705372217015508,"network_kpis":{"jitter_std":7.296340149125401,"latency_p95":25.02067791927152},"num_recoveries":1,"plant_count":2,"recovery_active":true,"system_state":[-0.14106141883724918,-0.15932028799094983,0.21042666733984663,0.0426100656368575,0.102964731828431,0.08852175115118226,0.1889561813603161,-0.16217519146888953,0.10716346796235801,-0.2359783870284418]}
2025-08-27T19:49:20.492Z,baseline,{"active":true,"control_input":0.0,"control_type":"lqr","kpis":{"control_cost":0.0,"overshoot":0.1,"settling_time":3.2,"steady_state_error":0.05},"plant_state":[0.0,0.0,0.0,0.0],"sampling_period":0.01},{"action_history_size":0,"active_agents":["reflex"],"control_kpis":{"control_cost":0.8250857795678251,"stability_margin":0.8933195831995415},"mttr":19.09758975233477,"network_kpis":{"jitter_std":3.135527031164173,"latency_p95":16.689933115702647},"num_recoveries":2,"plant_count":2,"recovery_active":false,"system_state":[-0.13584890602221697,-0.14454621347084667,0.21883684775786685,0.04341466376789703,0.08351085895207533,0.0795367375388702,0.18052601423392084,-0.17921612304364143,0.10163265199756642,-0.24185628796377912]}
2025-08-27T19:49:21.520Z,baseline,{"active":true,"control_input":0.0,"control_type":"lqr","kpis":{"control_cost":0.0,"overshoot":0.1,"settling_time":3.2,"steady_state_error":0.05},"plant_state":[0.0,0.0,0.0,0.0],"sampling_period":0.01},{"action_history_size":0,"active_agents":["reflex"],"control_kpis":{"control_cost":6.1212905118774446,"stability_margin":0.8856739289049633},"mttr":19.09758975233477,"network_kpis":{"jitter_std":7.208133617959382,"latency_p95":11.75523617764748},"num_recoveries":2,"plant_count":2,"recovery_active":false,"system_state":[-0.1349656286596671,-0.1491298482390873,0.22605268987425967,0.028821139333894737,0.07682446837284998,0.07336448633323418,0.16880653828467157,-0.18759056542390212,0.11013148208617632,-0.25554480995862133]}
2025-08-27T19:49:22.551Z,baseline,{"active":true,"control_input":0.0,"control_type":"lqr","kpis":{"control_cost":0.0,"overshoot":0.1,"settling_time":3.2,"steady_state_error":0.05},"plant_state":[0.0,0.0,0.0,0.0],"sampling_period":0.01},{"action_history_size":0,"active_agents":["reflex"],"control_kpis":{"control_cost":13.729566383112816,"stability_margin":0.8380612203915604},"mttr":19.09758975233477,"network_kpis":{"jitter_std":3.617960744443852,"latency_p95":23.359801777938497},"num_recoveries":2,"plant_count":2,"recovery_active":false,"system_state":[-0.12071351153367238,-0.15771861631556383,0.21198968205582172,0.039398083754991244,0.08442399002362733,0.08164800121966889,0.16350915742851593,-0.17782598286268161,0.09113305773980498,-0.25219272833077383]}
2025-08-27T19:49:23.588Z,baseline,{"active":true,"control_input":0.0,"control_type":"lqr","kpis":{"control_cost":0.0,"overshoot":0.1,"settling_time":3.2,"steady_state_error":0.05},"plant_state":[0.0,0.0,0.0,0.0],"sampling_period":0.01},{"action_history_size":0,"active_agents":["reflex"],"control_kpis":{"control_cost":0.5379006767576178,"stability_margin":0.9125603482347773},"mttr":19.09758975233477,"network_kpis":{"jitter_std":4.058740357176467,"latency_p95":27.078729218910958},"num_recoveries":2,"plant_count":2,"recovery_active":false,"system_state":[-0.10986355041380162,-0.16095419756414073,0.2090819092532046,0.030905204316773665,0.07262084692030332,0.08548061913222066,0.1552719129463398,-0.17563190516180038,0.1031842361436272,-0.2733620917192887]}
2025-08-27T19:49:24.615Z,baseline,{"active":true,"control_input":0.0,"control_type":"lqr","kpis":{"control_cost":0.0,"overshoot":0.1,"settling_time":3.2,"steady_state_error":0.05},"plant_state":[0.0,0.0,0.0,0.0],"sampling_period":0.01},{"action_history_size":0,"active_agents":["reflex"],"control_kpis":{"control_cost":1.9471714347987243,"stability_margin":1.037588526135639},"mttr":19.09758975233477,"network_kpis":{"jitter_std":5.929520199995181,"latency_p95":17.561324360998004},"num_recoveries":2,"plant_count":2,"recovery_active":false,"system_state":[-0.12418125438488317,-0.14999534716629787,0.22450005819752378,0.03591774947183708,0.07723349282250332,0.08518697560058679,0.1634168654233001,-0.1919043868078951,0.10425879909567803,-0.2627950083518083]}
2025-08-27T19:49:25.642Z,baseline,{"active":true,"control_input":0.0,"control_type":"lqr","kpis":{"control_cost":0.0,"overshoot":0.1,"settling_time":3.2,"steady_state_error":0.05},"plant_state":[0.0,0.0,0.0,0.0],"sampling_period":0.01},{"action_history_size":0,"active_agents":["reflex"],"control_kpis":{"control_cost":0.6176645085488851,"stability_margin":0.7907431072060677},"mttr":19.09758975233477,"network_kpis":{"jitter_std":3.334775513651119,"latency_p95":17.772177586036104},"num_recoveries":2,"plant_count":2,"recovery_active":false,"system_state":[-0.11127446801585893,-0.15130774407026604,0.22965349583420216,0.042563473022057735,0.0744643658851048,0.1034406933479822,0.13997079413420432,-0.2112722590282119,0.12745655035141024,-0.2603505938541629]}
2025-08-27T19:49:26.681Z,baseline,{"active":true,"control_input":0.0,"control_type":"lqr","kpis":{"control_cost":0.0,"overshoot":0.1,"settling_time":3.2,"steady_state_error":0.05},"plant_state":[0.0,0.0,0.0,0.0],"sampling_period":0.01},{"action_history_size":0,"active_agents":["reflex"],"control_kpis":{"control_cost":0.45783044076834767,"stability_margin":0.8277879864642215},"mttr":19.09758975233477,"network_kpis":{"jitter_std":6.683506871444373,"latency_p95":26.886633928850497},"num_recoveries":2,"plant_count":2,"recovery_active":false,"system_state":[-0.11363363970669156,-0.15454882209714121,0.23160096517886974,0.03490767385145343,0.07665567379270573,0.09434424134257234,0.11594123506954909,-0.22239443425765243,0.11347320514199345,-0.2671204847841919]}
2025-08-27T19:49:27.716Z,baseline,{"active":true,"control_input":0.0,"control_type":"lqr","kpis":{"control_cost":0.0,"overshoot":0.1,"settling_time":3.2,"steady_state_error":0.05},"plant_state":[0.0,0.0,0.0,0.0],"sampling_period":0.01},{"action_history_size":0,"active_agents":["reflex"],"control_kpis":{"control_cost":0.30223019241499094,"stability_margin":0.7254089694465357},"mttr":19.09758975233477,"network_kpis":{"jitter_std":2.3604476224569475,"latency_p95":12.344686535737276},"num_recoveries":2,"plant_count":2,"recovery_active":false,"system_state":[-0.12370921438736557,-0.16060468530432273,0.2363324832740431,0.04158352688374055,0.08758440699954594,0.10284662625902069,0.12087886642490132,-0.23009480218743525,0.11574556066651313,-0.27579983414769743]}
2025-08-27T19:49:28.750Z,baseline,{"active":true,"control_input":0.0,"control_type":"lqr","kpis":{"control_cost":0.0,"overshoot":0.1,"settling_time":3.2,"steady_state_error":0.05},"plant_state":[0.0,0.0,0.0,0.0],"sampling_period":0.01},{"action_history_size":0,"active_agents":["reflex"],"control_kpis":{"control_cost":2.1845683822871687,"stability_margin":0.9028412103569654},"mttr":19.09758975233477,"network_kpis":{"jitter_std":2.7831375429631087,"latency_p95":24.62253884731554},"num_recoveries":2,"plant_count":2,"recovery_active":false,"system_state":[-0.12856233535585856,-0.16605798887176443,0.24714116186281126,0.03111300818785161,0.08057925921266422,0.10604077980026662,0.10791591735863468,-0.22757097460240674,0.1103714462585167,-0.28035919019585165]}
2025-08-27T19:49:29.789Z,baseline,{"active":true,"control_input":0.0,"control_type":"lqr","kpis":{"control_cost":0.0,"overshoot":0.1,"settling_time":3.2,"steady_state_error":0.05},"plant_state":[0.0,0.0,0.0,0.0],"sampling_period":0.01},{"action_history_size":0,"active_agents":["reflex"],"control_kpis":{"control_cost":0.20221175475723044,"stability_margin":0.8256042652126618},"mttr":19.09758975233477,"network_kpis":{"jitter_std":4.9150275986929,"latency_p95":35.91554442346615},"num_recoveries":2,"plant_count":2,"recovery_active":false,"system_state":[-0.13019964213324473,-0.15316643357757992,0.24528064920901108,0.00759447834246621,0.07745305856928317,0.114497999657483,0.10776838816894171,-0.22605579069085377,0.09530443510410869,-0.26093916989265287]}
2025-08-27T19:49:30.838Z,baseline,{"active":true,"control_input":0.0,"control_type":"lqr","kpis":{"control_cost":0.0,"overshoot":0.1,"settling_time":3.2,"steady_state_error":0.05},"plant_state":[0.0,0.0,0.0,0.0],"sampling_period":0.01},{"action_history_size":0,"active_agents":["reflex"],"control_kpis":{"control_cost":0.7963951492178937,"stability_margin":0.8770296701273146},"mttr":19.09758975233477,"network_kpis":{"jitter_std":9.315074034713863,"latency_p95":21.343818647993196},"num_recoveries":2,"plant_count":2,"recovery_active":false,"system_state":[-0.12700000413988827,-0.15087165000420508,0.23897436594459845,0.0164983463951682,0.06144414762801485,0.12353768262888101,0.08943504581682074,-0.23022555330696842,0.08714840237160672,-0.251230766859875]}
2025-08-27T19:49:31.887Z,baseline,{"active":true,"control_input":0.0,"control_type":"lqr","kpis":{"control_cost":0.0,"overshoot":0.1,"settling_time":3.2,"steady_state_error":0.05},"plant_state":[0.0,0.0,0.0,0.0],"sampling_period":0.01},{"action_history_size":0,"active_agents":["reflex"],"control_kpis":{"control_cost":0.013012940619565193,"stability_margin":0.9245599854196822},"mttr":19.09758975233477,"network_kpis":{"jitter_std":5.7778587207388306,"latency_p95":22.823731853867496},"num_recoveries":2,"plant_count":2,"recovery_active":false,"system_state":[-0.1446401387986776,-0.1547918977711804,0.23949553123604678,0.01743372999250445,0.052071880739006676,0.1374819197157234,0.09592588960135957,-0.25113700125973387,0.08295896083854877,-0.234790969687278]}
2025-08-27T19:49:32.927Z,baseline,{"active":true,"control_input":0.0,"control_type":"lqr","kpis":{"control_cost":0.0,"overshoot":0.1,"settling_time":3.2,"steady_state_error":0.05},"plant_state":[0.0,0.0,0.0,0.0],"sampling_period":0.01},{"action_history_size":0,"active_agents":["reflex"],"control_kpis":{"control_cost":0.9693522399027078,"stability_margin":0.8063693815284528},"mttr":19.09758975233477,"network_kpis":{"jitter_std":8.682862338572265,"latency_p95":19.360082452123994},"num_recoveries":2,"plant_count":2,"recovery_active":false,"system_state":[-0.16303677389046334,-0.15179874629548026,0.2499600935783896,0.023245277578325944,0.05418212541707596,0.13020851714764262,0.0900577380668687,-0.24419953871629524,0.09632204263018819,-0.22953245440271713]}
2025-08-27T19:49:33.965Z,baseline,{"active":true,"control_input":0.0,"control_type":"lqr","kpis":{"control_cost":0.0,"overshoot":0.1,"settling_time":3.2,"steady_state_error":0.05},"plant_state":[0.0,0.0,0.0,0.0],"sampling_period":0.01},{"action_history_size":0,"active_agents":["reflex"],"control_kpis":{"control_cost":4.027119117514968,"stability_margin":1.0523021332808389},"mttr":19.09758975233477,"network_kpis":{"jitter_std":4.953809778761521,"latency_p95":28.429723736642153},"num_recoveries":2,"plant_count":2,"recovery_active":false,"system_state":[-0.16655172474844862,-0.1449877929017383,0.25019901917517684,0.01234659935260205,0.05833624258883454,0.1288351880033382,0.11079445459232173,-0.2469368416670242,0.09367435287105079,-0.2215575593293562]}
2025-08-27T19:49:34.997Z,baseline,{"active":true,"control_input":0.0,"control_type":"lqr","kpis":{"control_cost":0.0,"overshoot":0.1,"settling_time":3.2,"steady_state_error":0.05},"plant_state":[0.0,0.0,0.0,0.0],"sampling_period":0.01},{"action_history_size":0,"active_agents":["reflex"],"control_kpis":{"control_cost":2.681965982855011,"stability_margin":0.7981047758738401},"mttr":19.09758975233477,"network_kpis":{"jitter_std":4.375788006713709,"latency_p95":37.14061122946726},"num_recoveries":2,"plant_count":2,"recovery_active":false,"system_state":[-0.156099578410735,-0.12457994772890342,0.23770947233235087,-0.014785924181665694,0.05227572934588883,0.12623106046047744,0.1110444326352208,-0.2591002401981164,0.08377786049461125,-0.21648655254218432]}
2025-08-27T19:49:36.092Z,baseline,{"active":true,"control_input":0.0,"control_type":"lqr","kpis":{"control_cost":0.0,"overshoot":0.1,"settling_time":3.2,"steady_state_error":0.05},"plant_state":[0.0,0.0,0.0,0.0],"sampling_period":0.01},{"action_history_size":0,"active_agents":["reflex"],"control_kpis":{"control_cost":3.577493821743543,"stability_margin":0.7210548689709241},"mttr":19.09758975233477,"network_kpis":{"jitter_std":4.101028860213924,"latency_p95":25.163798575559987},"num_recoveries":2,"plant_count":2,"recovery_active":false,"system_state":[-0.1526045866887712,-0.13350435123982457,0.24952343199210614,-0.006379438955729217,0.055973740061854675,0.13711446798439358,0.0888032229847991,-0.2628139558947197,0.08273525402841939,-0.2296074275911869]}
2025-08-27T19:49:37.460Z,baseline,{"active":true,"control_input":0.0,"control_type":"lqr","kpis":{"control_cost":0.0,"overshoot":0.1,"settling_time":3.2,"steady_state_error":0.05},"plant_state":[0.0,0.0,0.0,0.0],"sampling_period":0.01},{"action_history_size":0,"active_agents":["reflex"],"control_kpis":{"control_cost":1.0154746355763014,"stability_margin":0.7950392436616245},"mttr":19.09758975233477,"network_kpis":{"jitter_std":6.4732678024613675,"latency_p95":21.873448537171136},"num_recoveries":2,"plant_count":2,"recovery_active":false,"system_state":[-0.14039616211638234,-0.10028669485652111,0.2466252276593216,-0.04573291513674178,0.0629459405196503,0.138597325642959,0.08828032439488669,-0.29275237067574866,0.09816158154751894,-0.24659546061028476]}
2025-08-27T19:49:38.746Z,baseline,{"active":true,"control_input":0.0,"control_type":"lqr","kpis":{"control_cost":0.0,"overshoot":0.1,"settling_time":3.2,"steady_state_error":0.05},"plant_state":[0.0,0.0,0.0,0.0],"sampling_period":0.01},{"action_history_size":0,"active_agents":["reflex"],"control_kpis":{"control_cost":1.2426668741940656,"stability_margin":0.6537530910212093},"mttr":19.09758975233477,"network_kpis":{"jitter_std":3.105506633591101,"latency_p95":15.596585011030896},"num_recoveries":2,"plant_count":2,"recovery_active":false,"system_state":[-0.14145171616263055,-0.09388860193362589,0.23971535410088793,-0.02590686509052693,0.08088006141370152,0.13571353054354196,0.09824342636084163,-0.2781245103541357,0.11904851995338295,-0.24740112188071522]}
2025-08-27T19:49:40.107Z,baseline,{"active":true,"control_input":0.0,"control_type":"lqr","kpis":{"control_cost":0.0,"overshoot":0.1,"settling_time":3.2,"steady_state_error":0.05},"plant_state":[0.0,0.0,0.0,0.0],"sampling_period":0.01},{"action_history_size":0,"active_agents":["reflex"],"control_kpis":{"control_cost":0.17590993408078068,"stability_margin":0.7257370612677794},"mttr":19.09758975233477,"network_kpis":{"jitter_std":6.263067465106164,"latency_p95":23.900409829385218},"num_recoveries":2,"plant_count":2,"recovery_active":false,"system_state":[-0.1573599684062336,-0.09273498620629429,0.2419326813578852,-0.027071696093347374,0.06570087403826204,0.1460350559472004,0.09222188347926873,-0.2757054150462957,0.10982210602640344,-0.23842876465095572]}
2025-08-27T19:49:41.364Z,baseline,{"active":true,"control_input":0.0,"control_type":"lqr","kpis":{"control_cost":0.0,"overshoot":0.1,"settling_time":3.2,"steady_state_error":0.05},"plant_state":[0.0,0.0,0.0,0.0],"sampling_period":0.01},{"action_history_size":0,"active_agents":["reflex"],"control_kpis":{"control_cost":2.185605263534812,"stability_margin":0.8287986313324646},"mttr":19.09758975233477,"network_kpis":{"jitter_std":5.493450730552952,"latency_p95":21.76800093565603},"num_recoveries":2,"plant_count":2,"recovery_active":true,"system_state":[-0.17059752351736168,-0.07428458026459966,0.22653803357303337,-0.028286038571786066,0.08437413473081122,0.1293559150577377,0.1071639741488857,-0.27044670596090215,0.11980610763799933,-0.26630321029896376]}
2025-08-27T19:49:42.660Z,baseline,{"active":true,"control_input":0.0,"control_type":"lqr","kpis":{"control_cost":0.0,"overshoot":0.1,"settling_time":3.2,"steady_state_error":0.05},"plant_state":[0.0,0.0,0.0,0.0],"sampling_period":0.01},{"action_history_size":0,"active_agents":["reflex"],"control_kpis":{"control_cost":2.5596602522534293,"stability_margin":1.0163198372908853},"mttr":19.09758975233477,"network_kpis":{"jitter_std":8.300345216303942,"latency_p95":25.48847175768485},"num_recoveries":2,"plant_count":2,"recovery_active":true,"system_state":[-0.1725769568097952,-0.08067708860998206,0.22754225122586078,-0.024405848554971913,0.08646172977832109,0.12048111249761914,0.10202712585330921,-0.2799680540750964,0.1333436011946429,-0.26733785077235606]}
2025-08-27T19:49:43.684Z,baseline,{"active":true,"control_input":0.0,"control_type":"lqr","kpis":{"control_cost":0.0,"overshoot":0.1,"settling_time":3.2,"steady_state_error":0.05},"plant_state":[0.0,0.0,0.0,0.0],"sampling_period":0.01},{"action_history_size":0,"active_agents":["reflex"],"control_kpis":{"control_cost":0.3114216406551992,"stability_margin":0.8287759213503494},"mttr":19.09758975233477,"network_kpis":{"jitter_std":3.878093693346676,"latency_p95":23.289060545557405},"num_recoveries":2,"plant_count":2,"recovery_active":true,"system_state":[-0.16429874108555656,-0.07312100165032766,0.24124904393605104,-0.026579799738064597,0.08084856512710147,0.13734901490197168,0.10436872486129287,-0.27202472432454905,0.1571613034737221,-0.25988913574317657]}
2025-08-27T19:49:44.712Z,baseline,{"active":true,"control_input":0.0,"control_type":"lqr","kpis":{"control_cost":0.0,"overshoot":0.1,"settling_time":3.2,"steady_state_error":0.05},"plant_state":[0.0,0.0,0.0,0.0],"sampling_period":0.01},{"action_history_size":0,"active_agents":["reflex"],"control_kpis":{"control_cost":0.39872067595452226,"stability_margin":0.9181744384528806},"mttr":19.09758975233477,"network_kpis":{"jitter_std":4.470985026850296,"latency_p95":22.8633253005977},"num_recoveries":2,"plant_count":2,"recovery_active":true,"system_state":[-0.16762497663827855,-0.07249154631289945,0.22741593071277538,-0.013234469361809892,0.06190030168434277,0.13455797830351016,0.1087958560170421,-0.2800903015772933,0.1550278925544153,-0.24897242239260123]}
2025-08-27T19:49:45.744Z,baseline,{"active":true,"control_input":0.0,"control_type":"lqr","kpis":{"control_cost":0.0,"overshoot":0.1,"settling_time":3.2,"steady_state_error":0.05},"plant_state":[0.0,0.0,0.0,0.0],"sampling_period":0.01},{"action_history_size":0,"active_agents":["reflex"],"control_kpis":{"control_cost":1.3955022072386538,"stability_margin":0.6119614205697232},"mttr":19.09758975233477,"network_kpis":{"jitter_std":7.938291059894324,"latency_p95":21.814986566196477},"num_recoveries":2,"plant_count":2,"recovery_active":true,"system_state":[-0.1623445665526371,-0.05573642830352385,0.2314391781405349,-0.0016755058948692853,0.058465274015424,0.115626474851414,0.10259890612454049,-0.2847269978556524,0.12961357345041505,-0.2507110839773744]}
2025-08-27T19:49:46.804Z,baseline,{"active":true,"control_input":0.0,"control_type":"lqr","kpis":{"control_cost":0.0,"overshoot":0.1,"settling_time":3.2,"steady_state_error":0.05},"plant_state":[0.0,0.0,0.0,0.0],"sampling_period":0.01},{"action_history_size":0,"active_agents":["reflex"],"control_kpis":{"control_cost":4.777342767612668,"stability_margin":0.8439513400774638},"mttr":19.09758975233477,"network_kpis":{"jitter_std":6.445465989841491,"latency_p95":21.37004571769684},"num_recoveries":2,"plant_count":2,"recovery_active":true,"system_state":[-0.1630085515167841,-0.04187772095279628,0.2328395371646206,0.0002225392669281121,0.05535281714928458,0.12064639792881625,0.10455711742209516,-0.2856064460369471,0.1343619753938815,-0.24228266324787273]}
2025-08-27T19:49:47.836Z,baseline,{"active":true,"control_input":0.0,"control_type":"lqr","kpis":{"control_cost":0.0,"overshoot":0.1,"settling_time":3.2,"steady_state_error":0.05},"plant_state":[0.0,0.0,0.0,0.0],"sampling_period":0.01},{"action_history_size":0,"active_agents":["reflex"],"control_kpis":{"control_cost":1.942284877072229,"stability_margin":0.8331095397359521},"mttr":19.09758975233477,"network_kpis":{"jitter_std":6.45677015605544,"latency_p95":10.618018996101652},"num_recoveries":2,"plant_count":2,"recovery_active":true,"system_state":[-0.1510884410654469,-0.02965500208574893,0.22132515522488694,-0.003030825442225234,0.04775216781318681,0.13157683737136647,0.09848687298602572,-0.3017554849814515,0.13800063736857723,-0.23382436381165483]}
2025-08-27T19:49:48.872Z,baseline,{"active":true,"control_input":0.0,"control_type":"lqr","kpis":{"control_cost":0.0,"overshoot":0.1,"settling_time":3.2,"steady_state_error":0.05},"plant_state":[0.0,0.0,0.0,0.0],"sampling_period":0.01},{"action_history_size":0,"active_agents":["reflex"],"control_kpis":{"control_cost":6.7716268850980255,"stability_margin":0.7828838968045816},"mttr":9.298280218148907,"network_kpis":{"jitter_std":2.201398332774814,"latency_p95":12.560733830070644},"num_recoveries":3,"plant_count":2,"recovery_active":false,"system_state":[-0.14149165354005594,-0.012326267645066707,0.22027137041791217,0.004718533022294643,0.057670625764199596,0.13733411430858164,0.09463994536041499,-0.2969418569485621,0.15118496511052593,-0.23258648261802053]}
2025-08-27T19:49:49.908Z,baseline,{"active":true,"control_input":0.0,"control_type":"lqr","kpis":{"control_cost":0.0,"overshoot":0.1,"settling_time":3.2,"steady_state_error":0.05},"plant_state":[0.0,0.0,0.0,0.0],"sampling_period":0.01},{"action_history_size":0,"active_agents":["reflex"],"control_kpis":{"control_cost":1.8662219236728408,"stability_margin":0.8033915510164774},"mttr":9.298280218148907,"network_kpis":{"jitter_std":6.8442196934696575,"latency_p95":20.98361348332221},"num_recoveries":3,"plant_count":2,"recovery_active":false,"system_state":[-0.13153003822936776,-0.015842077411751865,0.20875392202757126,0.005447953597782009,0.05850076492655119,0.1355171527041167,0.07348883611811213,-0.3063034187025916,0.1457064466786748,-0.22914032297713757]}
2025-08-27T19:49:50.944Z,baseline,{"active":true,"control_input":0.0,"control_type":"lqr","kpis":{"control_cost":0.0,"overshoot":0.1,"settling_time":3.2,"steady_state_error":0.05},"plant_state":[0.0,0.0,0.0,0.0],"sampling_period":0.01},{"action_history_size":0,"active_agents":["reflex"],"control_kpis":{"control_cost":0.9715320537476829,"stability_margin":0.7587662891240192},"mttr":9.298280218148907,"network_kpis":{"jitter_std":10.09762900035845,"latency_p95":17.33974680189162},"num_recoveries":3,"plant_count":2,"recovery_active":false,"system_state":[-0.14450689841504716,-0.013224786760500921,0.19344695042738574,0.007086881578721755,0.05336412903447795,0.14464825207744772,0.07250680429690516,-0.3222104321033941,0.1521839147114784,-0.23501792586033207]}
2025-08-27T19:49:51.980Z,baseline,{"active":true,"control_input":0.0,"control_type":"lqr","kpis":{"control_cost":0.0,"overshoot":0.1,"settling_time":3.2,"steady_state_error":0.05},"plant_state":[0.0,0.0,0.0,0.0],"sampling_period":0.01},{"action_history_size":0,"active_agents":["reflex"],"control_kpis":{"control_cost":1.204237406053159,"stability_margin":0.7670183285029735},"mttr":9.298280218148907,"network_kpis":{"jitter_std":5.6677281388787275,"latency_p95":11.270661778189297},"num_recoveries":3,"plant_count":2,"recovery_active":false,"system_state":[-0.14021770492059163,-0.02217974763030245,0.20284503349066918,-0.0037426021521789676,0.05925465247405044,0.16266089699304787,0.0820457447258166,-0.3198696834882184,0.15227598412203264,-0.243186837320109]}
2025-08-27T19:49:53.015Z,baseline,{"active":true,"control_input":0.0,"control_type":"lqr","kpis":{"control_cost":0.0,"overshoot":0.1,"settling_time":3.2,"steady_state_error":0.05},"plant_state":[0.0,0.0,0.0,0.0],"sampling_period":0.01},{"action_history_size":0,"active_agents":["reflex"],"control_kpis":{"control_cost":0.5692312624654843,"stability_margin":0.8995958418113578},"mttr":9.298280218148907,"network_kpis":{"jitter_std":5.380151074740644,"latency_p95":30.18280165255269},"num_recoveries":3,"plant_count":2,"recovery_active":false,"system_state":[-0.15427006901050902,-0.024580419843743033,0.19408171748126557,-0.011222020263264838,0.06261269828261218,0.1665657777873979,0.07989060489966494,-0.31737987872665,0.14171335090548492,-0.2544156790258118]}
2025-08-27T19:49:54.060Z,baseline,{"active":true,"control_input":0.0,"control_type":"lqr","kpis":{"control_cost":0.0,"overshoot":0.1,"settling_time":3.2,"steady_state_error":0.05},"plant_state":[0.0,0.0,0.0,0.0],"sampling_period":0.01},{"action_history_size":0,"active_agents":["reflex"],"control_kpis":{"control_cost":0.0840378489532275,"stability_margin":0.6554441296719302},"mttr":9.298280218148907,"network_kpis":{"jitter_std":6.00825829273473,"latency_p95":24.967876438700234},"num_recoveries":3,"plant_count":2,"recovery_active":true,"system_state":[-0.14717954270143882,-0.04042100791776072,0.21070438907999972,0.004027489691416999,0.05923505538866044,0.14795779462249725,0.08086585484933383,-0.30308128330178896,0.13245825107777084,-0.2540406208445604]}
2025-08-27T19:49:55.101Z,baseline,{"active":true,"control_input":0.0,"control_type":"lqr","kpis":{"control_cost":0.0,"overshoot":0.1,"settling_time":3.2,"steady_state_error":0.05},"plant_state":[0.0,0.0,0.0,0.0],"sampling_period":0.01},{"action_history_size":0,"active_agents":["reflex"],"control_kpis":{"control_cost":0.047612535662488915,"stability_margin":0.8236849237640833},"mttr":9.298280218148907,"network_kpis":{"jitter_std":9.30084599642499,"latency_p95":20.67372125842971},"num_recoveries":3,"plant_count":2,"recovery_active":true,"system_state":[-0.12751352498646518,-0.03589037518561025,0.2210410814174904,0.014194965688805669,0.053740080238008144,0.15675960072833478,0.07918878708456713,-0.31388213049558805,0.12168427520027361,-0.23713006550641952]}
2025-08-27T19:49:56.141Z,baseline,{"active":true,"control_input":0.0,"control_type":"lqr","kpis":{"control_cost":0.0,"overshoot":0.1,"settling_time":3.2,"steady_state_error":0.05},"plant_state":[0.0,0.0,0.0,0.0],"sampling_period":0.01},{"action_history_size":0,"active_agents":["reflex"],"control_kpis":{"control_cost":3.3245057686970036,"stability_margin":0.8361619615282508},"mttr":9.298280218148907,"network_kpis":{"jitter_std":4.18081964845729,"latency_p95":14.32436927306257},"num_recoveries":3,"plant_count":2,"recovery_active":true,"system_state":[-0.1272366746014096,-0.043259452119356966,0.2075793392152051,0.01998076629565553,0.06336030201707614,0.17004290096284505,0.07687063051755699,-0.31831633428034867,0.1078742692969791,-0.2280453859272366]}
2025-08-27T19:49:57.173Z,baseline,{"active":true,"control_input":0.0,"control_type":"lqr","kpis":{"control_cost":0.0,"overshoot":0.1,"settling_time":3.2,"steady_state_error":0.05},"plant_state":[0.0,0.0,0.0,0.0],"sampling_period":0.01},{"action_history_size":0,"active_agents":["reflex"],"control_kpis":{"control_cost":7.486708080080921,"stability_margin":0.6761855697680561},"mttr":9.298280218148907,"network_kpis":{"jitter_std":3.8165262339857082,"latency_p95":26.85845225314531},"num_recoveries":3,"plant_count":2,"recovery_active":true,"system_state":[-0.14056465176550456,-0.0481144320148647,0.20600533106716154,0.009131649648715844,0.07334383582516481,0.15890429119172042,0.07000277519659366,-0.3293962296659113,0.11625438929506676,-0.22361161055166215]}
2025-08-27T19:49:58.218Z,baseline,{"active":true,"control_input":0.0,"control_type":"lqr","kpis":{"control_cost":0.0,"overshoot":0.1,"settling_time":3.2,"steady_state_error":0.05},"plant_state":[0.0,0.0,0.0,0.0],"sampling_period":0.01},{"action_history_size":0,"active_agents":["reflex"],"control_kpis":{"control_cost":1.1142853875760608,"stability_margin":0.9263203873162061},"mttr":9.298280218148907,"network_kpis":{"jitter_std":5.3951656448563945,"latency_p95":19.09042521589145},"num_recoveries":3,"plant_count":2,"recovery_active":true,"system_state":[-0.13142688201558006,-0.04261824118619729,0.1931322616551649,0.008076893290753846,0.07149647868627466,0.14865485404269002,0.07304898282060975,-0.33967485266060143,0.12697238007571926,-0.21682787187090727]}
2025-08-27T19:49:59.259Z,baseline,{"active":true,"control_input":0.0,"control_type":"lqr","kpis":{"control_cost":0.0,"overshoot":0.1,"settling_time":3.2,"steady_state_error":0.05},"plant_state":[0.0,0.0,0.0,0.0],"sampling_period":0.01},{"action_history_size":0,"active_agents":["reflex"],"control_kpis":{"control_cost":0.6559502340354655,"stability_margin":0.6496178246157672},"mttr":9.298280218148907,"network_kpis":{"jitter_std":5.166108018870812,"latency_p95":17.228609469194208},"num_recoveries":3,"plant_count":2,"recovery_active":true,"system_state":[-0.13589655154920477,-0.0641278525562457,0.18980044676050578,0.01388095232747331,0.08382387548042472,0.14787458204963816,0.0800790766702137,-0.3383973171012564,0.12553682455452642,-0.20626912752015866]}
2025-08-27T19:50:00.296Z,baseline,{"active":true,"control_input":0.0,"control_type":"lqr","kpis":{"control_cost":0.0,"overshoot":0.1,"settling_time":3.2,"steady_state_error":0.05},"plant_state":[0.0,0.0,0.0,0.0],"sampling_period":0.01},{"action_history_size":0,"active_agents":["reflex"],"control_kpis":{"control_cost":0.9579711520282949,"stability_margin":0.9278491468384771},"mttr":9.298280218148907,"network_kpis":{"jitter_std":5.818103423838638,"latency_p95":19.325630604176997},"num_recoveries":3,"plant_count":2,"recovery_active":true,"system_state":[-0.13425673304174784,-0.0604602264553114,0.19400461677907185,0.024732671758010978,0.09378183699236117,0.13584501401733812,0.08821966477086411,-0.3276949208279466,0.12686256649475453,-0.21219219229327524]}
2025-08-27T19:50:01.328Z,baseline,{"active":true,"control_input":0.0,"control_type":"lqr","kpis":{"control_cost":0.0,"overshoot":0.1,"settling_time":3.2,"steady_state_error":0.05},"plant_state":[0.0,0.0,0.0,0.0],"sampling_period":0.01},{"action_history_size":0,"active_agents":["reflex"],"control_kpis":{"control_cost":4.368417583981947,"stability_margin":0.8496115692364622},"mttr":9.298280218148907,"network_kpis":{"jitter_std":0.6032940768881767,"latency_p95":22.390991346306773},"num_recoveries":3,"plant_count":2,"recovery_active":true,"system_state":[-0.1307102837994268,-0.06917034492692184,0.19094279558714183,0.017637706090623154,0.07670363730810657,0.1287397409909837,0.08381069856636154,-0.3098627590509769,0.13566188145358127,-0.20736337484578798]}
2025-08-27T19:50:02.361Z,baseline,{"active":true,"control_input":0.0,"control_type":"lqr","kpis":{"control_cost":0.0,"overshoot":0.1,"settling_time":3.2,"steady_state_error":0.05},"plant_state":[0.0,0.0,0.0,0.0],"sampling_period":0.01},{"action_history_size":0,"active_agents":["reflex"],"control_kpis":{"control_cost":3.4159611930501557,"stability_margin":0.5787532672156038},"mttr":9.298280218148907,"network_kpis":{"jitter_std":5.544128316817613,"latency_p95":23.265236352895176},"num_recoveries":3,"plant_count":2,"recovery_active":true,"system_state":[-0.11419069311950361,-0.05744324885891871,0.19746359511571512,0.028796114840419378,0.062243129584980066,0.13898844484691553,0.08360755166053936,-0.3030211627373173,0.14199209099860488,-0.2081893140053679]}
2025-08-27T19:50:03.416Z,baseline,{"active":true,"control_input":0.0,"control_type":"lqr","kpis":{"control_cost":0.0,"overshoot":0.1,"settling_time":3.2,"steady_state_error":0.05},"plant_state":[0.0,0.0,0.0,0.0],"sampling_period":0.01},{"action_history_size":0,"active_agents":["reflex"],"control_kpis":{"control_cost":7.9627581358672925,"stability_margin":0.7629648764477648},"mttr":9.298280218148907,"network_kpis":{"jitter_std":6.904032883344943,"latency_p95":17.27684958188024},"num_recoveries":3,"plant_count":2,"recovery_active":true,"system_state":[-0.12709582619234405,-0.06197998609440718,0.19658963688257777,0.019381203153652632,0.0629671939753342,0.13820553047153428,0.08223634815675629,-0.29455779922242603,0.16092045181790451,-0.21698861091184962]}
2025-08-27T19:50:04.452Z,baseline,{"active":true,"control_input":0.0,"control_type":"lqr","kpis":{"control_cost":0.0,"overshoot":0.1,"settling_time":3.2,"steady_state_error":0.05},"plant_state":[0.0,0.0,0.0,0.0],"sampling_period":0.01},{"action_history_size":0,"active_agents":["reflex"],"control_kpis":{"control_cost":1.9056233447493578,"stability_margin":0.8889555644580841},"mttr":9.298280218148907,"network_kpis":{"jitter_std":4.603797237778156,"latency_p95":18.037514466243053},"num_recoveries":3,"plant_count":2,"recovery_active":true,"system_state":[-0.11521096542280315,-0.0697465356235725,0.19564867529757674,0.015178184419180127,0.06386937275155162,0.14394596496777456,0.09605647544494833,-0.2845880056489567,0.16056378784819222,-0.23273841590768482]}
2025-08-27T19:50:05.490Z,baseline,{"active":true,"control_input":0.0,"control_type":"lqr","kpis":{"control_cost":0.0,"overshoot":0.1,"settling_time":3.2,"steady_state_error":0.05},"plant_state":[0.0,0.0,0.0,0.0],"sampling_period":0.01},{"action_history_size":0,"active_agents":["reflex"],"control_kpis":{"control_cost":1.2385490213956236,"stability_margin":0.7024803539718613},"mttr":39.07424508097289,"network_kpis":{"jitter_std":5.335399688045234,"latency_p95":14.835410755992191},"num_recoveries":4,"plant_count":2,"recovery_active":false,"system_state":[-0.10421854550198018,-0.06471611501539816,0.1970863139219266,0.03480917890730865,0.07341762089549381,0.13353237591983785,0.09966038960323004,-0.28632541871830935,0.15664686067907146,-0.21413447875196467]}
2025-08-27T19:50:06.526Z,baseline,{"active":true,"control_input":0.0,"control_type":"lqr","kpis":{"control_cost":0.0,"overshoot":0.1,"settling_time":3.2,"steady_state_error":0.05},"plant_state":[0.0,0.0,0.0,0.0],"sampling_period":0.01},{"action_history_size":0,"active_agents":["reflex"],"control_kpis":{"control_cost":4.5612776919724585,"stability_margin":0.8654542702016546},"mttr":39.07424508097289,"network_kpis":{"jitter_std":6.368459966480327,"latency_p95":24.41696642757443},"num_recoveries":4,"plant_count":2,"recovery_active":false,"system_state":[-0.12338662359113954,-0.06804863053359556,0.19675019779213918,0.04376078642472131,0.07097806496158482,0.13795468879086165,0.12905622634116556,-0.2924272274895192,0.1765868734276204,-0.2183728555604422]}
2025-08-27T19:50:07.575Z,baseline,{"active":true,"control_input":0.0,"control_type":"lqr","kpis":{"control_cost":0.0,"overshoot":0.1,"settling_time":3.2,"steady_state_error":0.05},"plant_state":[0.0,0.0,0.0,0.0],"sampling_period":0.01},{"action_history_size":0,"active_agents":["reflex"],"control_kpis":{"control_cost":2.840269633481011,"stability_margin":0.8556434779775635},"mttr":39.07424508097289,"network_kpis":{"jitter_std":6.678919797737128,"latency_p95":19.49243722781234},"num_recoveries":4,"plant_count":2,"recovery_active":false,"system_state":[-0.13691551502224983,-0.03770854246394392,0.18880934929980364,0.04331589368681473,0.07809117783691943,0.13830523483832713,0.12072897331601888,-0.2983638030025739,0.16616902235765152,-0.2224490680502972]}
2025-08-27T19:50:08.613Z,baseline,{"active":true,"control_input":0.0,"control_type":"lqr","kpis":{"control_cost":0.0,"overshoot":0.1,"settling_time":3.2,"steady_state_error":0.05},"plant_state":[0.0,0.0,0.0,0.0],"sampling_period":0.01},{"action_history_size":0,"active_agents":["reflex"],"control_kpis":{"control_cost":1.796208100187684,"stability_margin":0.8337821148572377},"mttr":39.07424508097289,"network_kpis":{"jitter_std":3.4606749992653567,"latency_p95":25.837376441152795},"num_recoveries":4,"plant_count":2,"recovery_active":false,"system_state":[-0.14462963058437467,-0.048585348260586234,0.18678521121720962,0.04109337048849103,0.06848103931314105,0.14150823311906469,0.1327999695438235,-0.30683701578709244,0.16697342255129688,-0.23089212033443607]}
2025-08-27T19:50:09.647Z,baseline,{"active":true,"control_input":0.0,"control_type":"lqr","kpis":{"control_cost":0.0,"overshoot":0.1,"settling_time":3.2,"steady_state_error":0.05},"plant_state":[0.0,0.0,0.0,0.0],"sampling_period":0.01},{"action_history_size":0,"active_agents":["reflex"],"control_kpis":{"control_cost":0.7919305452939561,"stability_margin":0.9039754042178023},"mttr":39.07424508097289,"network_kpis":{"jitter_std":1.6301976010488732,"latency_p95":11.157274310635163},"num_recoveries":4,"plant_count":2,"recovery_active":false,"system_state":[-0.1488867708545049,-0.058704099438555264,0.2030077197542342,0.028602379153923878,0.07130371934719011,0.13775934783872484,0.1390155556116406,-0.3159625475081804,0.1661795445110707,-0.24342731168931903]}
2025-08-27T19:50:10.695Z,baseline,{"active":true,"control_input":0.0,"control_type":"lqr","kpis":{"control_cost":0.0,"overshoot":0.1,"settling_time":3.2,"steady_state_error":0.05},"plant_state":[0.0,0.0,0.0,0.0],"sampling_period":0.01},{"action_history_size":0,"active_agents":["reflex"],"control_kpis":{"control_cost":6.323098937793435,"stability_margin":0.978291500896205},"mttr":39.07424508097289,"network_kpis":{"jitter_std":5.285502221617114,"latency_p95":19.993259297525373},"num_recoveries":4,"plant_count":2,"recovery_active":false,"system_state":[-0.1535907559198653,-0.04104160645358659,0.20638544165613706,0.03220620375501027,0.07808052996855452,0.12415531346002197,0.14126028219918907,-0.33007312638455744,0.18342106927808835,-0.25042483283642425]}
2025-08-27T19:50:11.727Z,baseline,{"active":true,"control_input":0.0,"control_type":"lqr","kpis":{"control_cost":0.0,"overshoot":0.1,"settling_time":3.2,"steady_state_error":0.05},"plant_state":[0.0,0.0,0.0,0.0],"sampling_period":0.01},{"action_history_size":0,"active_agents":["reflex"],"control_kpis":{"control_cost":0.3092686111564418,"stability_margin":0.9581847846204392},"mttr":39.07424508097289,"network_kpis":{"jitter_std":7.166225722271729,"latency_p95":30.39831734632251},"num_recoveries":4,"plant_count":2,"recovery_active":false,"system_state":[-0.15422460191584353,-0.030811597269724923,0.18834690310698143,0.021429607481426558,0.08400150524420807,0.13356428590817881,0.14511173600053145,-0.3341023281868458,0.19403009486770198,-0.24541933129420082]}
2025-08-27T19:50:12.767Z,baseline,{"active":true,"control_input":0.0,"control_type":"lqr","kpis":{"control_cost":0.0,"overshoot":0.1,"settling_time":3.2,"steady_state_error":0.05},"plant_state":[0.0,0.0,0.0,0.0],"sampling_period":0.01},{"action_history_size":0,"active_agents":["reflex"],"control_kpis":{"control_cost":2.704939228215689,"stability_margin":0.7325806647157584},"mttr":39.07424508097289,"network_kpis":{"jitter_std":7.691035020169361,"latency_p95":20.715492834799818},"num_recoveries":4,"plant_count":2,"recovery_active":false,"system_state":[-0.15096437241266727,-0.04148223633367642,0.19642852744274583,0.036815806276771626,0.07513446181620884,0.1258937781159819,0.13463438589936436,-0.34475951415873063,0.1872075087563614,-0.25248896611372673]}
2025-08-27T19:50:13.807Z,baseline,{"active":true,"control_input":0.0,"control_type":"lqr","kpis":{"control_cost":0.0,"overshoot":0.1,"settling_time":3.2,"steady_state_error":0.05},"plant_state":[0.0,0.0,0.0,0.0],"sampling_period":0.01},{"action_history_size":0,"active_agents":["reflex"],"control_kpis":{"control_cost":2.13227214558071,"stability_margin":0.7128836619451935},"mttr":39.07424508097289,"network_kpis":{"jitter_std":5.083588645531968,"latency_p95":19.83191108820128},"num_recoveries":4,"plant_count":2,"recovery_active":false,"system_state":[-0.15290552286025516,-0.038308708377419114,0.19698226996294915,0.03260354406221216,0.0781948840867109,0.12456996477634787,0.11589788750310712,-0.3382880533693552,0.20039208302604522,-0.24148453477255513]}
2025-08-27T19:50:14.867Z,baseline,{"active":true,"control_input":0.0,"control_type":"lqr","kpis":{"control_cost":0.0,"overshoot":0.1,"settling_time":3.2,"steady_state_error":0.05},"plant_state":[0.0,0.0,0.0,0.0],"sampling_period":0.01},{"action_history_size":0,"active_agents":["reflex"],"control_kpis":{"control_cost":2.943840663851062,"stability_margin":0.7935374096495382},"mttr":39.07424508097289,"network_kpis":{"jitter_std":3.590502263762357,"latency_p95":23.72900838474697},"num_recoveries":4,"plant_count":2,"recovery_active":false,"system_state":[-0.16908885495563908,-0.03208522344924143,0.18750482579074418,0.03597386227644685,0.08368329357692207,0.11932467427998274,0.11004656076601556,-0.34182024911629477,0.2013166294596539,-0.23859592810836852]}
2025-08-27T19:50:15.917Z,baseline,{"active":true,"control_input":0.0,"control_type":"lqr","kpis":{"control_cost":0.0,"overshoot":0.1,"settling_time":3.2,"steady_state_error":0.05},"plant_state":[0.0,0.0,0.0,0.0],"sampling_period":0.01},{"action_history_size":0,"active_agents":["reflex"],"control_kpis":{"control_cost":12.075411120899632,"stability_margin":0.757545952275465},"mttr":39.07424508097289,"network_kpis":{"jitter_std":6.580335190815018,"latency_p95":18.848662404732025},"num_recoveries":4,"plant_count":2,"recovery_active":false,"system_state":[-0.19316184307554748,-0.02620350470821411,0.17864467000884465,0.044231600969509115,0.07426338634703576,0.13516375500919764,0.09264008442440824,-0.34677412411079467,0.18074484314167794,-0.25952856154325676]}
2025-08-27T19:50:16.944Z,baseline,{"active":true,"control_input":0.0,"control_type":"lqr","kpis":{"control_cost":0.0,"overshoot":0.1,"settling_time":3.2,"steady_state_error":0.05},"plant_state":[0.0,0.0,0.0,0.0],"sampling_period":0.01},{"action_history_size":0,"active_agents":["reflex"],"control_kpis":{"control_cost":2.5706460091570973,"stability_margin":0.6516991731155608},"mttr":39.07424508097289,"network_kpis":{"jitter_std":3.748364364966383,"latency_p95":25.053528140179942},"num_recoveries":4,"plant_count":2,"recovery_active":false,"system_state":[-0.20193919879567795,-0.02395113650424023,0.18658882401471008,0.03247006152027903,0.07716209789541917,0.14317741181851792,0.08702627275407018,-0.3389032777967526,0.1735144883897832,-0.2682592280986233]}
2025-08-27T19:50:17.992Z,baseline,{"active":true,"control_input":0.0,"control_type":"lqr","kpis":{"control_cost":0.0,"overshoot":0.1,"settling_time":3.2,"steady_state_error":0.05},"plant_state":[0.0,0.0,0.0,0.0],"sampling_period":0.01},{"action_history_size":0,"active_agents":["reflex"],"control_kpis":{"control_cost":1.247830483362966,"stability_margin":0.7608754609629427},"mttr":39.07424508097289,"network_kpis":{"jitter_std":5.381983839713613,"latency_p95":20.008030924964626},"num_recoveries":4,"plant_count":2,"recovery_active":false,"system_state":[-0.21225723607355898,-0.006734249621791411,0.194361404416234,0.03226682856081923,0.08167920119511311,0.14287426724603539,0.08895169729046816,-0.3399721570937882,0.18503125916353177,-0.2708903969099084]}
2025-08-27T19:50:19.039Z,baseline,{"active":true,"control_input":0.0,"control_type":"lqr","kpis":{"control_cost":0.0,"overshoot":0.1,"settling_time":3.2,"steady_state_error":0.05},"plant_state":[0.0,0.0,0.0,0.0],"sampling_period":0.01},{"action_history_size":0,"active_agents":["reflex"],"control_kpis":{"control_cost":7.8307395984835155,"stability_margin":0.840450492746306},"mttr":0.0,"network_kpis":{"jitter_std":7.272253847036843,"latency_p95":19.826525033216456},"num_recoveries":0,"plant_count":2,"recovery_active":false,"system_state":[-0.20964411454775503,-0.010343583992433769,0.19090492465820028,0.02201892372239829,0.08185879115820291,0.1493010725612257,0.09462256667200668,-0.3431206199769565,0.18192876293255383,-0.2650634029881179]}
2025-08-27T19:50:20.081Z,baseline,{"active":true,"control_input":0.0,"control_type":"lqr","kpis":{"control_cost":0.0,"overshoot":0.1,"settling_time":3.2,"steady_state_error":0.05},"plant_state":[0.0,0.0,0.0,0.0],"sampling_period":0.01},{"action_history_size":0,"active_agents":["reflex"],"control_kpis":{"control_cost":1.1329712908966667,"stability_margin":0.8742004816263997},"mttr":0.0,"network_kpis":{"jitter_std":5.5531262439163775,"latency_p95":24.284490709931614},"num_recoveries":0,"plant_count":2,"recovery_active":false,"system_state":[-0.19322127004415093,0.00368453279786065,0.20154466810777105,0.03151957219911336,0.07840824530196819,0.1695717379566265,0.10263030157462961,-0.3485100243784528,0.1881709610258821,-0.2683076057698245]}
2025-08-27T19:50:21.123Z,baseline,{"active":true,"control_input":0.0,"control_type":"lqr","kpis":{"control_cost":0.0,"overshoot":0.1,"settling_time":3.2,"steady_state_error":0.05},"plant_state":[0.0,0.0,0.0,0.0],"sampling_period":0.01},{"action_history_size":0,"active_agents":["reflex"],"control_kpis":{"control_cost":2.2994115451844044,"stability_margin":0.5968276312891697},"mttr":0.0,"network_kpis":{"jitter_std":7.207548266503019,"latency_p95":22.51452416975436},"num_recoveries":0,"plant_count":2,"recovery_active":false,"system_state":[-0.2054199119123579,-0.001027952500325842,0.2084016667371294,0.017265215236207748,0.08454046193470385,0.16538101422657045,0.11467448541075152,-0.35629269238133465,0.17999877898368222,-0.2626445935323701]}
2025-08-27T19:50:22.164Z,baseline,{"active":true,"control_input":0.0,"control_type":"lqr","kpis":{"control_cost":0.0,"overshoot":0.1,"settling_time":3.2,"steady_state_error":0.05},"plant_state":[0.0,0.0,0.0,0.0],"sampling_period":0.01},{"action_history_size":0,"active_agents":["reflex"],"control_kpis":{"control_cost":2.763542409511648,"stability_margin":0.7123792739450309},"mttr":0.0,"network_kpis":{"jitter_std":5.870870431937817,"latency_p95":22.849145538417208},"num_recoveries":0,"plant_count":2,"recovery_active":false,"system_state":[-0.20397569305037438,0.010755459614651922,0.2088705342636072,0.019825523031408054,0.08038456587143679,0.16770061661439167,0.14263097344752423,-0.35840504304780113,0.1626664549806943,-0.2589180555218135]}
2025-08-27T19:50:23.194Z,baseline,{"active":true,"control_input":0.0,"control_type":"lqr","kpis":{"control_cost":0.0,"overshoot":0.1,"settling_time":3.2,"steady_state_error":0.05},"plant_state":[0.0,0.0,0.0,0.0],"sampling_period":0.01},{"action_history_size":0,"active_agents":["reflex"],"control_kpis":{"control_cost":2.519950048535337,"stability_margin":0.8548684050342428},"mttr":0.0,"network_kpis":{"jitter_std":6.6359925156365565,"latency_p95":22.47412366506157},"num_recoveries":0,"plant_count":2,"recovery_active":false,"system_state":[-0.21017233279438133,0.0032859976513224635,0.20770615451685795,0.04032804741747212,0.08524743957739571,0.15260162708789302,0.1392644641751341,-0.3688972448739276,0.14865137002393866,-0.2380783214045343]}
2025-08-27T19:50:24.236Z,baseline,{"active":true,"control_input":0.0,"control_type":"lqr","kpis":{"control_cost":0.0,"overshoot":0.1,"settling_time":3.2,"steady_state_error":0.05},"plant_state":[0.0,0.0,0.0,0.0],"sampling_period":0.01},{"action_history_size":0,"active_agents":["reflex"],"control_kpis":{"control_cost":1.013468916812195,"stability_margin":0.7590627443529355},"mttr":0.0,"network_kpis":{"jitter_std":5.9525771447271145,"latency_p95":18.444897244002004},"num_recoveries":0,"plant_count":2,"recovery_active":false,"system_state":[-0.2165621849406948,0.005226671704398615,0.2077040815092324,0.045236679699019115,0.08829754211334252,0.13567994217681512,0.1401845689592464,-0.371912423960409,0.1633609588163737,-0.2432249601715804]}
2025-08-27T19:50:25.276Z,baseline,{"active":true,"control_input":0.0,"control_type":"lqr","kpis":{"control_cost":0.0,"overshoot":0.1,"settling_time":3.2,"steady_state_error":0.05},"plant_state":[0.0,0.0,0.0,0.0],"sampling_period":0.01},{"action_history_size":0,"active_agents":["reflex"],"control_kpis":{"control_cost":1.1193920054401658,"stability_margin":0.9850376630356285},"mttr":0.0,"network_kpis":{"jitter_std":4.682051363526562,"latency_p95":18.71791846696815},"num_recoveries":0,"plant_count":2,"recovery_active":false,"system_state":[-0.21415048114451907,-0.005813995516134107,0.1997496207132374,0.03712248843884806,0.08108437401189467,0.1488664616644511,0.134576840054935,-0.38030754125914323,0.17959745736092503,-0.24622316064171101]}
2025-08-27T19:50:26.330Z,baseline,{"active":true,"control_input":0.0,"control_type":"lqr","kpis":{"control_cost":0.0,"overshoot":0.1,"settling_time":3.2,"steady_state_error":0.05},"plant_state":[0.0,0.0,0.0,0.0],"sampling_period":0.01},{"action_history_size":0,"active_agents":["reflex"],"control_kpis":{"control_cost":1.2198576263521446,"stability_margin":0.7783529555480393},"mttr":0.0,"network_kpis":{"jitter_std":5.518905451800383,"latency_p95":16.80889247246201},"num_recoveries":0,"plant_count":2,"recovery_active":false,"system_state":[-0.22131786492684113,-0.012454411448420544,0.20456823009095962,0.05342546386622308,0.08210047989807676,0.15397095195282562,0.13548561143938664,-0.3792341306066094,0.19920544052193306,-0.2416964022683429]}
2025-08-27T19:50:27.371Z,baseline,{"active":true,"control_input":0.0,"control_type":"lqr","kpis":{"control_cost":0.0,"overshoot":0.1,"settling_time":3.2,"steady_state_error":0.05},"plant_state":[0.0,0.0,0.0,0.0],"sampling_period":0.01},{"action_history_size":0,"active_agents":["reflex"],"control_kpis":{"control_cost":0.9093752334360632,"stability_margin":0.7626443267995799},"mttr":0.0,"network_kpis":{"jitter_std":8.28208907270016,"latency_p95":8.993139450109961},"num_recoveries":0,"plant_count":2,"recovery_active":false,"system_state":[-0.2251777895484949,-0.017773840703045003,0.21547505975131737,0.05829449915346404,0.1033365697265914,0.14868583256731596,0.15924433835140317,-0.3725314489007799,0.19916361808839983,-0.23390991958614685]}
2025-08-27T19:50:28.402Z,baseline,{"active":true,"control_input":0.0,"control_type":"lqr","kpis":{"control_cost":0.0,"overshoot":0.1,"settling_time":3.2,"steady_state_error":0.05},"plant_state":[0.0,0.0,0.0,0.0],"sampling_period":0.01},{"action_history_size":0,"active_agents":["reflex"],"control_kpis":{"control_cost":0.3539568652592098,"stability_margin":0.8667555243778233},"mttr":0.0,"network_kpis":{"jitter_std":6.1752569219387725,"latency_p95":19.693953131718228},"num_recoveries":0,"plant_count":2,"recovery_active":false,"system_state":[-0.2271376161707089,-0.023828482359250933,0.2124549667818141,0.06958842801407135,0.09861607902929946,0.13989822881038963,0.14576763661788997,-0.3748478844024835,0.20984581595953297,-0.23232840204630245]}
2025-08-27T19:50:29.445Z,baseline,{"active":true,"control_input":0.0,"control_type":"lqr","kpis":{"control_cost":0.0,"overshoot":0.1,"settling_time":3.2,"steady_state_error":0.05},"plant_state":[0.0,0.0,0.0,0.0],"sampling_period":0.01},{"action_history_size":0,"active_agents":["reflex"],"control_kpis":{"control_cost":0.4019635602391943,"stability_margin":0.8456316812197138},"mttr":0.0,"network_kpis":{"jitter_std":4.994569096974109,"latency_p95":18.800325697311283},"num_recoveries":0,"plant_count":2,"recovery_active":true,"system_state":[-0.22939888767939237,-0.02538535548579193,0.20831926237627385,0.06464987903252922,0.0779205376360927,0.13708829527761296,0.15015232763025516,-0.3603891291506131,0.18473824664248553,-0.23335169154899343]}
2025-08-27T19:50:30.484Z,baseline,{"active":true,"control_input":0.0,"control_type":"lqr","kpis":{"control_cost":0.0,"overshoot":0.1,"settling_time":3.2,"steady_state_error":0.05},"plant_state":[0.0,0.0,0.0,0.0],"sampling_period":0.01},{"action_history_size":0,"active_agents":["reflex"],"control_kpis":{"control_cost":1.5439339163042067,"stability_margin":0.8851185083516652},"mttr":0.0,"network_kpis":{"jitter_std":2.878440791692567,"latency_p95":21.231471324211682},"num_recoveries":0,"plant_count":2,"recovery_active":true,"system_state":[-0.21321716189937587,-0.03333988713705347,0.20654749687214122,0.06115260596591828,0.08762523653442371,0.14333375136078225,0.15058641813055923,-0.3487692471074202,0.17401296261404817,-0.23444821298246185]}
2025-08-27T19:50:31.517Z,baseline,{"active":true,"control_input":0.0,"control_type":"lqr","kpis":{"control_cost":0.0,"overshoot":0.1,"settling_time":3.2,"steady_state_error":0.05},"plant_state":[0.0,0.0,0.0,0.0],"sampling_period":0.01},{"action_history_size":0,"active_agents":["reflex"],"control_kpis":{"control_cost":0.22929497543709604,"stability_margin":0.9010496330373599},"mttr":0.0,"network_kpis":{"jitter_std":4.24068958612003,"latency_p95":25.08125437194962},"num_recoveries":0,"plant_count":2,"recovery_active":true,"system_state":[-0.20929484917811705,-0.037724630836780744,0.21955414090560849,0.0565841829786948,0.09663048334928484,0.1399180498206918,0.1631951561151014,-0.3746387040847382,0.18398212026860616,-0.22465315010586673]}
2025-08-27T19:50:32.548Z,baseline,{"active":true,"control_input":0.0,"control_type":"lqr","kpis":{"control_cost":0.0,"overshoot":0.1,"settling_time":3.2,"steady_state_error":0.05},"plant_state":[0.0,0.0,0.0,0.0],"sampling_period":0.01},{"action_history_size":0,"active_agents":["reflex"],"control_kpis":{"control_cost":0.9942252123404827,"stability_margin":0.7015530604635756},"mttr":0.0,"network_kpis":{"jitter_std":6.5459378078136305,"latency_p95":22.451249348750537},"num_recoveries":0,"plant_count":2,"recovery_active":true,"system_state":[-0.20463169350422614,-0.031739330262064644,0.21273623191399707,0.03529208736740952,0.115520834730578,0.16137619393066643,0.16138111057773968,-0.3859354681418402,0.17936919060912926,-0.25432467334602576]}
2025-08-27T19:50:33.583Z,baseline,{"active":true,"control_input":0.0,"control_type":"lqr","kpis":{"control_cost":0.0,"overshoot":0.1,"settling_time":3.2,"steady_state_error":0.05},"plant_state":[0.0,0.0,0.0,0.0],"sampling_period":0.01},{"action_history_size":0,"active_agents":["reflex"],"control_kpis":{"control_cost":1.8212754532786912,"stability_margin":0.7960834383321391},"mttr":0.0,"network_kpis":{"jitter_std":6.675072687150676,"latency_p95":14.134787321538624},"num_recoveries":0,"plant_count":2,"recovery_active":true,"system_state":[-0.2080443445152389,-0.019522929049487905,0.20756325125873282,0.03647722578482032,0.11705520031399069,0.16964879906339134,0.14932097011811757,-0.3878273551459548,0.1681769631160523,-0.2740384120543017]}
2025-08-27T19:50:34.610Z,baseline,{"active":true,"control_input":0.0,"control_type":"lqr","kpis":{"control_cost":0.0,"overshoot":0.1,"settling_time":3.2,"steady_state_error":0.05},"plant_state":[0.0,0.0,0.0,0.0],"sampling_period":0.01},{"action_history_size":0,"active_agents":["reflex"],"control_kpis":{"control_cost":0.4735996690402575,"stability_margin":0.8955120701123765},"mttr":0.0,"network_kpis":{"jitter_std":3.148590907347216,"latency_p95":26.150110679847952},"num_recoveries":0,"plant_count":2,"recovery_active":true,"system_state":[-0.19821996842049894,-0.018352798136063036,0.20646864166536838,0.03236745384206836,0.12515387192238578,0.18902209699064454,0.16108791548602788,-0.3907798960166864,0.1732538897450598,-0.26721416863772796]}
2025-08-27T19:50:35.651Z,baseline,{"active":true,"control_input":0.0,"control_type":"lqr","kpis":{"control_cost":0.0,"overshoot":0.1,"settling_time":3.2,"steady_state_error":0.05},"plant_state":[0.0,0.0,0.0,0.0],"sampling_period":0.01},{"action_history_size":0,"active_agents":["reflex"],"control_kpis":{"control_cost":3.887432532312336,"stability_margin":0.7524056085350392},"mttr":0.0,"network_kpis":{"jitter_std":5.117952713618454,"latency_p95":14.380131185817987},"num_recoveries":0,"plant_count":2,"recovery_active":true,"system_state":[-0.1958567775225406,-0.004167620033887178,0.19521553862167973,0.011081742682305173,0.10932993414872301,0.20134583144189191,0.1665293996408228,-0.3982797651838516,0.1689121427397313,-0.262585954351418]}
2025-08-27T19:50:36.687Z,baseline,{"active":true,"control_input":0.0,"control_type":"lqr","kpis":{"control_cost":0.0,"overshoot":0.1,"settling_time":3.2,"steady_state_error":0.05},"plant_state":[0.0,0.0,0.0,0.0],"sampling_period":0.01},{"action_history_size":0,"active_agents":["reflex"],"control_kpis":{"control_cost":0.8215287540216404,"stability_margin":0.8304510482788333},"mttr":0.0,"network_kpis":{"jitter_std":4.5233590153232734,"latency_p95":16.932603627248074},"num_recoveries":0,"plant_count":2,"recovery_active":true,"system_state":[-0.19559909606164239,0.006271144457337093,0.1941435691372528,-0.008597970203826476,0.1063557201179084,0.18553913250305176,0.16901787447742508,-0.3998737965412063,0.16508710163692966,-0.25976676530491516]}
2025-08-27T19:50:37.724Z,baseline,{"active":true,"control_input":0.0,"control_type":"lqr","kpis":{"control_cost":0.0,"overshoot":0.1,"settling_time":3.2,"steady_state_error":0.05},"plant_state":[0.0,0.0,0.0,0.0],"sampling_period":0.01},{"action_history_size":0,"active_agents":["reflex"],"control_kpis":{"control_cost":1.4977723543445278,"stability_margin":0.8246342660681342},"mttr":0.0,"network_kpis":{"jitter_std":6.80912363729767,"latency_p95":18.554908534569115},"num_recoveries":0,"plant_count":2,"recovery_active":true,"system_state":[-0.18087199178327917,0.00844703260400258,0.20231093141447964,-0.011395248268337516,0.09727559069754227,0.19800709152204773,0.16866325803401705,-0.4007210772577707,0.1648613876578524,-0.2669714897945876]}
2025-08-27T19:50:38.771Z,baseline,{"active":true,"control_input":0.0,"control_type":"lqr","kpis":{"control_cost":0.0,"overshoot":0.1,"settling_time":3.2,"steady_state_error":0.05},"plant_state":[0.0,0.0,0.0,0.0],"sampling_period":0.01},{"action_history_size":0,"active_agents":["reflex"],"control_kpis":{"control_cost":1.4676235698324933,"stability_margin":0.7367345908854495},"mttr":0.0,"network_kpis":{"jitter_std":4.059106005744597,"latency_p95":14.371858653279162},"num_recoveries":0,"plant_count":2,"recovery_active":true,"system_state":[-0.16987917138842018,0.013900590068930515,0.20062611393247715,-0.01754381414617811,0.10575210938138213,0.19088135012779064,0.1767362820277265,-0.39741768279001644,0.1740372871618223,-0.2640255173229185]}
2025-08-27T19:50:39.797Z,baseline,{"active":true,"control_input":0.0,"control_type":"lqr","kpis":{"control_cost":0.0,"overshoot":0.1,"settling_time":3.2,"steady_state_error":0.05},"plant_state":[0.0,0.0,0.0,0.0],"sampling_period":0.01},{"action_history_size":0,"active_agents":["reflex"],"control_kpis":{"control_cost":0.2764095577171082,"stability_margin":0.9060161853248282},"mttr":0.0,"network_kpis":{"jitter_std":5.019320579720685,"latency_p95":28.238345710435},"num_recoveries":0,"plant_count":2,"recovery_active":true,"system_state":[-0.16515890379422732,0.00986585824538449,0.2076856026157515,-0.02710927294097111,0.10745092880482028,0.1948868986403319,0.17550320375423265,-0.39284570551822523,0.16596450194076606,-0.2658066665124737]}
2025-08-27T19:50:40.833Z,baseline,{"active":true,"control_input":0.0,"control_type":"lqr","kpis":{"control_cost":0.0,"overshoot":0.1,"settling_time":3.2,"steady_state_error":0.05},"plant_state":[0.0,0.0,0.0,0.0],"sampling_period":0.01},{"action_history_size":0,"active_agents":["reflex"],"control_kpis":{"control_cost":2.9812839684791905,"stability_margin":0.8099015209589971},"mttr":11.514390393219324,"network_kpis":{"jitter_std":6.579143365133023,"latency_p95":21.813502510183426},"num_recoveries":1,"plant_count":2,"recovery_active":true,"system_state":[-0.160816179291705,0.014422305093846623,0.19049404683196686,-0.035744696109783675,0.08753621704763925,0.1780529268367506,0.15281857016272438,-0.38854394771355,0.16986550385199367,-0.25822395838147444]}
2025-08-27T19:50:41.865Z,baseline,{"active":true,"control_input":0.0,"control_type":"lqr","kpis":{"control_cost":0.0,"overshoot":0.1,"settling_time":3.2,"steady_state_error":0.05},"plant_state":[0.0,0.0,0.0,0.0],"sampling_period":0.01},{"action_history_size":0,"active_agents":["reflex"],"control_kpis":{"control_cost":0.22722944486401944,"stability_margin":0.7873867583986957},"mttr":11.514390393219324,"network_kpis":{"jitter_std":5.224057869039265,"latency_p95":19.078536124633736},"num_recoveries":1,"plant_count":2,"recovery_active":true,"system_state":[-0.17160998883489234,0.01778862637118697,0.1929598600088071,-0.04292477472688805,0.09106501056084512,0.17854381145602288,0.13555089711556487,-0.41463431433786385,0.1737107319461753,-0.24328391831485804]}
2025-08-27T19:50:42.894Z,baseline,{"active":true,"control_input":0.0,"control_type":"lqr","kpis":{"control_cost":0.0,"overshoot":0.1,"settling_time":3.2,"steady_state_error":0.05},"plant_state":[0.0,0.0,0.0,0.0],"sampling_period":0.01},{"action_history_size":0,"active_agents":["reflex"],"control_kpis":{"control_cost":1.7367337509722935,"stability_margin":0.854878341433375},"mttr":32.31702006188673,"network_kpis":{"jitter_std":5.807583402936226,"latency_p95":15.311920631495823},"num_recoveries":2,"plant_count":2,"recovery_active":false,"system_state":[-0.17774943258648268,0.017760129296049587,0.18836983008809494,-0.03688589673241388,0.09479808307617177,0.1725559319286183,0.1186657448546797,-0.41308972183960607,0.1603766922543167,-0.24302875792573655]}
2025-08-27T19:50:43.927Z,baseline,{"active":true,"control_input":0.0,"control_type":"lqr","kpis":{"control_cost":0.0,"overshoot":0.1,"settling_time":3.2,"steady_state_error":0.05},"plant_state":[0.0,0.0,0.0,0.0],"sampling_period":0.01},{"action_history_size":0,"active_agents":["reflex"],"control_kpis":{"control_cost":1.6021688872348552,"stability_margin":0.6262372607256605},"mttr":32.31702006188673,"network_kpis":{"jitter_std":4.455010060663851,"latency_p95":17.107220264914154},"num_recoveries":2,"plant_count":2,"recovery_active":false,"system_state":[-0.16445356774038064,0.012735540903583722,0.19544058151418367,-0.040138642534255004,0.10253430077569939,0.1707135149484791,0.11894662451211305,-0.415097858057181,0.1751277315776155,-0.253399460732997]}
2025-08-27T19:50:44.969Z,baseline,{"active":true,"control_input":0.0,"control_type":"lqr","kpis":{"control_cost":0.0,"overshoot":0.1,"settling_time":3.2,"steady_state_error":0.05},"plant_state":[0.0,0.0,0.0,0.0],"sampling_period":0.01},{"action_history_size":0,"active_agents":["reflex"],"control_kpis":{"control_cost":0.23598387255286835,"stability_margin":0.6481190720060227},"mttr":32.31702006188673,"network_kpis":{"jitter_std":6.886097201215282,"latency_p95":23.35958709553669},"num_recoveries":2,"plant_count":2,"recovery_active":false,"system_state":[-0.1915643535601042,0.0069622343355669565,0.19611904123593457,-0.04266367961488685,0.09407925598309204,0.1720103804870195,0.09735474947504819,-0.4331008984528155,0.17542177450673246,-0.2577824032364808]}
2025-08-27T19:50:46.014Z,baseline,{"active":true,"control_input":0.0,"control_type":"lqr","kpis":{"control_cost":0.0,"overshoot":0.1,"settling_time":3.2,"steady_state_error":0.05},"plant_state":[0.0,0.0,0.0,0.0],"sampling_period":0.01},{"action_history_size":0,"active_agents":["reflex"],"control_kpis":{"control_cost":0.24002043159148678,"stability_margin":0.901127445378051},"mttr":32.31702006188673,"network_kpis":{"jitter_std":2.420946075061652,"latency_p95":18.08860152242465},"num_recoveries":2,"plant_count":2,"recovery_active":false,"system_state":[-0.1800205025849759,0.008958603781382711,0.20296092645933106,-0.0541691211004422,0.1034223018687045,0.1780534725941594,0.10706411529107718,-0.4343255217250159,0.18647641160599832,-0.2608237782030553]}
2025-08-27T19:50:47.057Z,baseline,{"active":true,"control_input":0.0,"control_type":"lqr","kpis":{"control_cost":0.0,"overshoot":0.1,"settling_time":3.2,"steady_state_error":0.05},"plant_state":[0.0,0.0,0.0,0.0],"sampling_period":0.01},{"action_history_size":0,"active_agents":["reflex"],"control_kpis":{"control_cost":1.5732151203813294,"stability_margin":0.8057784434563079},"mttr":32.31702006188673,"network_kpis":{"jitter_std":8.03772839833769,"latency_p95":19.13609971583513},"num_recoveries":2,"plant_count":2,"recovery_active":false,"system_state":[-0.1794913556807564,0.016704130076975916,0.1964847001945683,-0.06440083693221241,0.10790840582432565,0.16307939412673647,0.10296473982468393,-0.43731697885502324,0.18878901354185848,-0.2759608088156925]}
2025-08-27T19:50:48.100Z,baseline,{"active":true,"control_input":0.0,"control_type":"lqr","kpis":{"control_cost":0.0,"overshoot":0.1,"settling_time":3.2,"steady_state_error":0.05},"plant_state":[0.0,0.0,0.0,0.0],"sampling_period":0.01},{"action_history_size":0,"active_agents":["reflex"],"control_kpis":{"control_cost":0.40244929258419404,"stability_margin":0.6649856075311907},"mttr":32.31702006188673,"network_kpis":{"jitter_std":6.535974670403543,"latency_p95":23.783060102167504},"num_recoveries":2,"plant_count":2,"recovery_active":false,"system_state":[-0.16334594783036016,0.005645088399898272,0.20697257391261656,-0.06136609394009086,0.10442874241534446,0.15377097046724886,0.09427813301669548,-0.45367428019486383,0.1931479332593108,-0.26557637393655487]}
2025-08-27T19:50:49.160Z,baseline,{"active":true,"control_input":0.0,"control_type":"lqr","kpis":{"control_cost":0.0,"overshoot":0.1,"settling_time":3.2,"steady_state_error":0.05},"plant_state":[0.0,0.0,0.0,0.0],"sampling_period":0.01},{"action_history_size":0,"active_agents":["reflex"],"control_kpis":{"control_cost":1.0258262538056353,"stability_margin":0.790345278625231},"mttr":32.31702006188673,"network_kpis":{"jitter_std":6.578295449252867,"latency_p95":22.257850474093207},"num_recoveries":2,"plant_count":2,"recovery_active":false,"system_state":[-0.15647562728785902,0.005575761062405673,0.21182825448437928,-0.07074051818491245,0.10902915148151089,0.15686901759608263,0.0976642142061184,-0.46311212453895123,0.20901455676015376,-0.2694310819341042]}
2025-08-27T19:50:50.210Z,baseline,{"active":true,"control_input":0.0,"control_type":"lqr","kpis":{"control_cost":0.0,"overshoot":0.1,"settling_time":3.2,"steady_state_error":0.05},"plant_state":[0.0,0.0,0.0,0.0],"sampling_period":0.01},{"action_history_size":0,"active_agents":["reflex"],"control_kpis":{"control_cost":2.455700080345809,"stability_margin":0.9432412587195651},"mttr":32.31702006188673,"network_kpis":{"jitter_std":6.661852198985372,"latency_p95":25.681637503791475},"num_recoveries":2,"plant_count":2,"recovery_active":false,"system_state":[-0.15351565998407632,0.010401376200059709,0.19713412717118303,-0.06665474228301346,0.11591134019679922,0.1782225263995678,0.09598198076567606,-0.4642806899904851,0.19307823629716803,-0.3026803985626329]}
